-- phpMyAdmin SQL Dump
-- version 4.9.11
-- https://www.phpmyadmin.net/
--
-- Host: localhost:3306
-- Generation Time: Apr 01, 2023 at 10:53 PM
-- Server version: 10.5.19-MariaDB-cll-lve
-- PHP Version: 7.4.33

SET SQL_MODE = "NO_AUTO_VALUE_ON_ZERO";
SET AUTOCOMMIT = 0;
START TRANSACTION;
SET time_zone = "+00:00";


/*!40101 SET @OLD_CHARACTER_SET_CLIENT=@@CHARACTER_SET_CLIENT */;
/*!40101 SET @OLD_CHARACTER_SET_RESULTS=@@CHARACTER_SET_RESULTS */;
/*!40101 SET @OLD_COLLATION_CONNECTION=@@COLLATION_CONNECTION */;
/*!40101 SET NAMES utf8mb4 */;

--
-- Database: `u1575135_spk_rezi`
--

-- --------------------------------------------------------

--
-- Table structure for table `absensi`
--

CREATE TABLE `absensi` (
  `id` int(11) NOT NULL,
  `id_siswa` int(11) NOT NULL,
  `bulan` varchar(255) NOT NULL,
  `tahun` varchar(255) NOT NULL,
  `hadir` int(11) DEFAULT NULL,
  `izin` int(11) DEFAULT NULL,
  `sakit` int(11) DEFAULT NULL,
  `alfa` int(11) DEFAULT NULL,
  `jumlah_pertemuan` int(11) DEFAULT NULL,
  `created_date` datetime DEFAULT NULL,
  `created_by` int(11) DEFAULT NULL,
  `updated_date` datetime DEFAULT NULL,
  `updated_by` int(11) DEFAULT NULL
) ENGINE=InnoDB DEFAULT CHARSET=utf8mb4 COLLATE=utf8mb4_general_ci;

--
-- Dumping data for table `absensi`
--

INSERT INTO `absensi` (`id`, `id_siswa`, `bulan`, `tahun`, `hadir`, `izin`, `sakit`, `alfa`, `jumlah_pertemuan`, `created_date`, `created_by`, `updated_date`, `updated_by`) VALUES
(1, 2, 'Juli', '2022', 31, 0, 0, 0, 31, '2023-03-29 03:11:13', 1, '2023-03-29 03:11:13', 1),
(2, 3, 'Juli', '2022', 31, 0, 0, 0, 31, '2023-03-29 03:11:13', 1, '2023-03-29 03:11:13', 1),
(3, 4, 'Juli', '2022', 31, 0, 0, 0, 31, '2023-03-29 03:11:13', 1, '2023-03-29 03:11:13', 1),
(4, 5, 'Juli', '2022', 31, 0, 0, 0, 31, '2023-03-29 03:11:13', 1, '2023-03-29 03:11:13', 1),
(5, 6, 'Juli', '2022', 31, 0, 0, 0, 31, '2023-03-29 03:11:13', 1, '2023-03-29 03:11:13', 1),
(6, 7, 'Juli', '2022', 31, 0, 0, 0, 31, '2023-03-29 03:11:13', 1, '2023-03-29 03:11:13', 1),
(7, 8, 'Juli', '2022', 31, 0, 0, 0, 31, '2023-03-29 03:11:13', 1, '2023-03-29 03:11:13', 1),
(8, 9, 'Juli', '2022', 31, 0, 0, 0, 31, '2023-03-29 03:11:13', 1, '2023-03-29 03:11:13', 1),
(9, 10, 'Juli', '2022', 30, 1, 0, 0, 31, '2023-03-29 03:11:13', 1, '2023-03-29 03:11:13', 1),
(10, 11, 'Juli', '2022', 30, 1, 0, 0, 31, '2023-03-29 03:11:13', 1, '2023-03-29 03:11:13', 1),
(11, 12, 'Juli', '2022', 31, 0, 0, 0, 31, '2023-03-29 03:11:13', 1, '2023-03-29 03:11:13', 1),
(12, 13, 'Juli', '2022', 31, 0, 0, 0, 31, '2023-03-29 03:11:13', 1, '2023-03-29 03:11:13', 1),
(13, 14, 'Juli', '2022', 31, 0, 0, 0, 31, '2023-03-29 03:11:13', 1, '2023-03-29 03:11:13', 1),
(14, 15, 'Juli', '2022', 31, 0, 0, 0, 31, '2023-03-29 03:11:13', 1, '2023-03-29 03:11:13', 1),
(15, 16, 'Juli', '2022', 31, 0, 0, 0, 31, '2023-03-29 03:11:13', 1, '2023-03-29 03:11:13', 1),
(16, 17, 'Juli', '2022', 31, 0, 0, 0, 31, '2023-03-29 03:11:13', 1, '2023-03-29 03:11:13', 1),
(17, 18, 'Juli', '2022', 31, 0, 0, 0, 31, '2023-03-29 03:11:13', 1, '2023-03-29 03:11:13', 1),
(18, 19, 'Juli', '2022', 31, 0, 0, 0, 31, '2023-03-29 03:11:13', 1, '2023-03-29 03:11:13', 1),
(19, 20, 'Juli', '2022', 30, 0, 1, 0, 31, '2023-03-29 03:11:13', 1, '2023-03-29 03:11:13', 1),
(20, 21, 'Juli', '2022', 30, 0, 1, 0, 31, '2023-03-29 03:11:13', 1, '2023-03-29 03:11:13', 1),
(21, 22, 'Juli', '2022', 31, 0, 0, 0, 31, '2023-03-29 03:11:13', 1, '2023-03-29 03:11:13', 1),
(22, 23, 'Juli', '2022', 26, 0, 5, 0, 31, '2023-03-29 03:11:13', 1, '2023-03-29 03:11:13', 1),
(23, 24, 'Juli', '2022', 31, 0, 0, 0, 31, '2023-03-29 03:11:13', 1, '2023-03-29 03:11:13', 1),
(24, 25, 'Juli', '2022', 21, 0, 0, 10, 31, '2023-03-29 03:11:13', 1, '2023-03-29 03:11:13', 1),
(25, 26, 'Juli', '2022', 30, 0, 0, 1, 31, '2023-03-29 03:11:13', 1, '2023-03-29 03:11:13', 1),
(26, 27, 'Juli', '2022', 31, 0, 0, 0, 31, '2023-03-29 03:11:13', 1, '2023-03-29 03:11:13', 1),
(27, 28, 'Juli', '2022', 31, 0, 0, 0, 31, '2023-03-29 03:11:13', 1, '2023-03-29 03:11:13', 1),
(28, 29, 'Juli', '2022', 30, 0, 1, 0, 31, '2023-03-29 03:11:13', 1, '2023-03-29 03:11:13', 1),
(29, 30, 'Juli', '2022', 31, 0, 0, 0, 31, '2023-03-29 03:11:13', 1, '2023-03-29 03:11:13', 1),
(30, 31, 'Juli', '2022', 31, 0, 0, 0, 31, '2023-03-29 03:11:13', 1, '2023-03-29 03:11:13', 1),
(31, 32, 'Juli', '2022', 31, 0, 0, 0, 31, '2023-03-29 03:11:13', 1, '2023-03-29 03:11:13', 1),
(32, 33, 'Juli', '2022', 31, 0, 0, 0, 31, '2023-03-29 03:11:13', 1, '2023-03-29 03:11:13', 1),
(33, 34, 'Juli', '2022', 29, 0, 2, 0, 31, '2023-03-29 03:11:13', 1, '2023-03-29 03:11:13', 1),
(34, 35, 'Juli', '2022', 31, 0, 0, 0, 31, '2023-03-29 03:11:13', 1, '2023-03-29 03:11:13', 1),
(35, 2, 'Agustus', '2022', 31, 0, 0, 0, 31, '2023-03-29 03:11:13', 1, '2023-03-29 03:11:13', 1),
(36, 3, 'Agustus', '2022', 31, 0, 0, 0, 31, '2023-03-29 03:11:13', 1, '2023-03-29 03:11:13', 1),
(37, 4, 'Agustus', '2022', 30, 0, 1, 0, 31, '2023-03-29 03:11:13', 1, '2023-03-29 03:11:13', 1),
(38, 5, 'Agustus', '2022', 31, 0, 0, 0, 31, '2023-03-29 03:11:13', 1, '2023-03-29 03:11:13', 1),
(39, 6, 'Agustus', '2022', 27, 4, 0, 0, 31, '2023-03-29 03:11:13', 1, '2023-03-29 03:11:13', 1),
(40, 7, 'Agustus', '2022', 31, 0, 0, 0, 31, '2023-03-29 03:11:13', 1, '2023-03-29 03:11:13', 1),
(41, 8, 'Agustus', '2022', 30, 0, 1, 0, 31, '2023-03-29 03:11:13', 1, '2023-03-29 03:11:13', 1),
(42, 9, 'Agustus', '2022', 31, 0, 0, 0, 31, '2023-03-29 03:11:13', 1, '2023-03-29 03:11:13', 1),
(43, 10, 'Agustus', '2022', 30, 0, 1, 0, 31, '2023-03-29 03:11:13', 1, '2023-03-29 03:11:13', 1),
(44, 11, 'Agustus', '2022', 31, 0, 0, 0, 31, '2023-03-29 03:11:13', 1, '2023-03-29 03:11:13', 1),
(45, 12, 'Agustus', '2022', 28, 0, 3, 0, 31, '2023-03-29 03:11:13', 1, '2023-03-29 03:11:13', 1),
(46, 13, 'Agustus', '2022', 31, 0, 0, 0, 31, '2023-03-29 03:11:13', 1, '2023-03-29 03:11:13', 1),
(47, 14, 'Agustus', '2022', 31, 0, 0, 0, 31, '2023-03-29 03:11:13', 1, '2023-03-29 03:11:13', 1),
(48, 15, 'Agustus', '2022', 31, 0, 0, 0, 31, '2023-03-29 03:11:13', 1, '2023-03-29 03:11:13', 1),
(49, 16, 'Agustus', '2022', 30, 1, 0, 0, 31, '2023-03-29 03:11:13', 1, '2023-03-29 03:11:13', 1),
(50, 17, 'Agustus', '2022', 30, 0, 0, 1, 31, '2023-03-29 03:11:13', 1, '2023-03-29 03:11:13', 1),
(51, 18, 'Agustus', '2022', 31, 0, 0, 0, 31, '2023-03-29 03:11:13', 1, '2023-03-29 03:11:13', 1),
(52, 19, 'Agustus', '2022', 31, 0, 0, 0, 31, '2023-03-29 03:11:13', 1, '2023-03-29 03:11:13', 1),
(53, 20, 'Agustus', '2022', 31, 0, 0, 0, 31, '2023-03-29 03:11:13', 1, '2023-03-29 03:11:13', 1),
(54, 21, 'Agustus', '2022', 31, 0, 0, 0, 31, '2023-03-29 03:11:13', 1, '2023-03-29 03:11:13', 1),
(55, 22, 'Agustus', '2022', 31, 0, 0, 0, 31, '2023-03-29 03:11:13', 1, '2023-03-29 03:11:13', 1),
(56, 23, 'Agustus', '2022', 30, 0, 1, 0, 31, '2023-03-29 03:11:13', 1, '2023-03-29 03:11:13', 1),
(57, 24, 'Agustus', '2022', 31, 0, 0, 0, 31, '2023-03-29 03:11:13', 1, '2023-03-29 03:11:13', 1),
(58, 25, 'Agustus', '2022', 31, 0, 0, 0, 31, '2023-03-29 03:11:13', 1, '2023-03-29 03:11:13', 1),
(59, 26, 'Agustus', '2022', 23, 0, 8, 0, 31, '2023-03-29 03:11:13', 1, '2023-03-29 03:11:13', 1),
(60, 27, 'Agustus', '2022', 31, 0, 0, 0, 31, '2023-03-29 03:11:13', 1, '2023-03-29 03:11:13', 1),
(61, 28, 'Agustus', '2022', 31, 0, 0, 0, 31, '2023-03-29 03:11:13', 1, '2023-03-29 03:11:13', 1),
(62, 29, 'Agustus', '2022', 31, 0, 0, 0, 31, '2023-03-29 03:11:13', 1, '2023-03-29 03:11:13', 1),
(63, 30, 'Agustus', '2022', 31, 0, 0, 0, 31, '2023-03-29 03:11:13', 1, '2023-03-29 03:11:13', 1),
(64, 31, 'Agustus', '2022', 31, 0, 0, 0, 31, '2023-03-29 03:11:13', 1, '2023-03-29 03:11:13', 1),
(65, 32, 'Agustus', '2022', 31, 0, 0, 0, 31, '2023-03-29 03:11:13', 1, '2023-03-29 03:11:13', 1),
(66, 33, 'Agustus', '2022', 31, 0, 0, 0, 31, '2023-03-29 03:11:13', 1, '2023-03-29 03:11:13', 1),
(67, 34, 'Agustus', '2022', 29, 0, 2, 0, 31, '2023-03-29 03:11:13', 1, '2023-03-29 03:11:13', 1),
(68, 35, 'Agustus', '2022', 28, 0, 3, 0, 31, '2023-03-29 03:11:13', 1, '2023-03-29 03:11:13', 1),
(69, 2, 'September', '2022', 31, 0, 0, 0, 31, '2023-03-29 03:11:13', 1, '2023-03-29 03:11:13', 1),
(70, 3, 'September', '2022', 31, 0, 0, 0, 31, '2023-03-29 03:11:13', 1, '2023-03-29 03:11:13', 1),
(71, 4, 'September', '2022', 31, 0, 0, 0, 31, '2023-03-29 03:11:13', 1, '2023-03-29 03:11:13', 1),
(72, 5, 'September', '2022', 31, 0, 0, 0, 31, '2023-03-29 03:11:13', 1, '2023-03-29 03:11:13', 1),
(73, 6, 'September', '2022', 31, 0, 0, 0, 31, '2023-03-29 03:11:13', 1, '2023-03-29 03:11:13', 1),
(74, 7, 'September', '2022', 31, 0, 0, 0, 31, '2023-03-29 03:11:13', 1, '2023-03-29 03:11:13', 1),
(75, 8, 'September', '2022', 31, 0, 0, 0, 31, '2023-03-29 03:11:13', 1, '2023-03-29 03:11:13', 1),
(76, 9, 'September', '2022', 31, 0, 0, 0, 31, '2023-03-29 03:11:13', 1, '2023-03-29 03:11:13', 1),
(77, 10, 'September', '2022', 28, 0, 3, 0, 31, '2023-03-29 03:11:13', 1, '2023-03-29 03:11:13', 1),
(78, 11, 'September', '2022', 31, 0, 0, 0, 31, '2023-03-29 03:11:13', 1, '2023-03-29 03:11:13', 1),
(79, 12, 'September', '2022', 31, 0, 0, 0, 31, '2023-03-29 03:11:13', 1, '2023-03-29 03:11:13', 1),
(80, 13, 'September', '2022', 30, 0, 1, 0, 31, '2023-03-29 03:11:13', 1, '2023-03-29 03:11:13', 1),
(81, 14, 'September', '2022', 29, 0, 2, 0, 31, '2023-03-29 03:11:13', 1, '2023-03-29 03:11:13', 1),
(82, 15, 'September', '2022', 30, 0, 0, 1, 31, '2023-03-29 03:11:13', 1, '2023-03-29 03:11:13', 1),
(83, 16, 'September', '2022', 31, 0, 0, 0, 31, '2023-03-29 03:11:13', 1, '2023-03-29 03:11:13', 1),
(84, 17, 'September', '2022', 30, 0, 0, 1, 31, '2023-03-29 03:11:13', 1, '2023-03-29 03:11:13', 1),
(85, 18, 'September', '2022', 31, 0, 0, 0, 31, '2023-03-29 03:11:13', 1, '2023-03-29 03:11:13', 1),
(86, 19, 'September', '2022', 31, 0, 0, 0, 31, '2023-03-29 03:11:13', 1, '2023-03-29 03:11:13', 1),
(87, 20, 'September', '2022', 31, 0, 0, 0, 31, '2023-03-29 03:11:13', 1, '2023-03-29 03:11:13', 1),
(88, 21, 'September', '2022', 31, 0, 0, 0, 31, '2023-03-29 03:11:13', 1, '2023-03-29 03:11:13', 1),
(89, 22, 'September', '2022', 31, 0, 0, 0, 31, '2023-03-29 03:11:13', 1, '2023-03-29 03:11:13', 1),
(90, 23, 'September', '2022', 31, 0, 0, 0, 31, '2023-03-29 03:11:13', 1, '2023-03-29 03:11:13', 1),
(91, 24, 'September', '2022', 31, 0, 0, 0, 31, '2023-03-29 03:11:13', 1, '2023-03-29 03:11:13', 1),
(92, 25, 'September', '2022', 31, 0, 0, 0, 31, '2023-03-29 03:11:13', 1, '2023-03-29 03:11:13', 1),
(93, 26, 'September', '2022', 23, 8, 0, 0, 31, '2023-03-29 03:11:13', 1, '2023-03-29 03:11:13', 1),
(94, 27, 'September', '2022', 31, 0, 0, 0, 31, '2023-03-29 03:11:13', 1, '2023-03-29 03:11:13', 1),
(95, 28, 'September', '2022', 31, 0, 0, 0, 31, '2023-03-29 03:11:13', 1, '2023-03-29 03:11:13', 1),
(96, 29, 'September', '2022', 31, 0, 0, 0, 31, '2023-03-29 03:11:13', 1, '2023-03-29 03:11:13', 1),
(97, 30, 'September', '2022', 30, 1, 0, 0, 31, '2023-03-29 03:11:13', 1, '2023-03-29 03:11:13', 1),
(98, 31, 'September', '2022', 29, 2, 0, 0, 31, '2023-03-29 03:11:13', 1, '2023-03-29 03:11:13', 1),
(99, 32, 'September', '2022', 31, 0, 0, 0, 31, '2023-03-29 03:11:13', 1, '2023-03-29 03:11:13', 1),
(100, 33, 'September', '2022', 31, 0, 0, 0, 31, '2023-03-29 03:11:13', 1, '2023-03-29 03:11:13', 1),
(101, 34, 'September', '2022', 29, 2, 0, 0, 31, '2023-03-29 03:11:13', 1, '2023-03-29 03:11:13', 1),
(102, 35, 'September', '2022', 31, 0, 0, 0, 31, '2023-03-29 03:11:13', 1, '2023-03-29 03:11:13', 1),
(103, 2, 'Oktober', '2022', 31, 0, 0, 0, 31, '2023-03-29 03:11:13', 1, '2023-03-29 03:11:13', 1),
(104, 3, 'Oktober', '2022', 31, 0, 0, 0, 31, '2023-03-29 03:11:13', 1, '2023-03-29 03:11:13', 1),
(105, 4, 'Oktober', '2022', 29, 1, 1, 0, 31, '2023-03-29 03:11:13', 1, '2023-03-29 03:11:13', 1),
(106, 5, 'Oktober', '2022', 31, 0, 0, 0, 31, '2023-03-29 03:11:13', 1, '2023-03-29 03:11:13', 1),
(107, 6, 'Oktober', '2022', 31, 0, 0, 0, 31, '2023-03-29 03:11:13', 1, '2023-03-29 03:11:13', 1),
(108, 7, 'Oktober', '2022', 31, 0, 0, 0, 31, '2023-03-29 03:11:13', 1, '2023-03-29 03:11:13', 1),
(109, 8, 'Oktober', '2022', 30, 0, 1, 0, 31, '2023-03-29 03:11:13', 1, '2023-03-29 03:11:13', 1),
(110, 9, 'Oktober', '2022', 22, 0, 9, 0, 31, '2023-03-29 03:11:13', 1, '2023-03-29 03:11:13', 1),
(111, 10, 'Oktober', '2022', 20, 0, 11, 0, 31, '2023-03-29 03:11:13', 1, '2023-03-29 03:11:13', 1),
(112, 11, 'Oktober', '2022', 31, 0, 0, 0, 31, '2023-03-29 03:11:13', 1, '2023-03-29 03:11:13', 1),
(113, 12, 'Oktober', '2022', 31, 0, 0, 0, 31, '2023-03-29 03:11:13', 1, '2023-03-29 03:11:13', 1),
(114, 13, 'Oktober', '2022', 29, 2, 0, 0, 31, '2023-03-29 03:11:13', 1, '2023-03-29 03:11:13', 1),
(115, 14, 'Oktober', '2022', 31, 0, 0, 0, 31, '2023-03-29 03:11:13', 1, '2023-03-29 03:11:13', 1),
(116, 15, 'Oktober', '2022', 31, 0, 0, 0, 31, '2023-03-29 03:11:13', 1, '2023-03-29 03:11:13', 1),
(117, 16, 'Oktober', '2022', 31, 0, 0, 0, 31, '2023-03-29 03:11:13', 1, '2023-03-29 03:11:13', 1),
(118, 17, 'Oktober', '2022', 31, 0, 0, 0, 31, '2023-03-29 03:11:13', 1, '2023-03-29 03:11:13', 1),
(119, 18, 'Oktober', '2022', 31, 0, 0, 0, 31, '2023-03-29 03:11:13', 1, '2023-03-29 03:11:13', 1),
(120, 19, 'Oktober', '2022', 29, 0, 2, 0, 31, '2023-03-29 03:11:13', 1, '2023-03-29 03:11:13', 1),
(121, 20, 'Oktober', '2022', 31, 0, 0, 0, 31, '2023-03-29 03:11:13', 1, '2023-03-29 03:11:13', 1),
(122, 21, 'Oktober', '2022', 20, 7, 4, 0, 31, '2023-03-29 03:11:13', 1, '2023-03-29 03:11:13', 1),
(123, 22, 'Oktober', '2022', 31, 0, 0, 0, 31, '2023-03-29 03:11:13', 1, '2023-03-29 03:11:13', 1),
(124, 23, 'Oktober', '2022', 31, 0, 0, 0, 31, '2023-03-29 03:11:13', 1, '2023-03-29 03:11:13', 1),
(125, 24, 'Oktober', '2022', 31, 0, 0, 0, 31, '2023-03-29 03:11:13', 1, '2023-03-29 03:11:13', 1),
(126, 25, 'Oktober', '2022', 31, 0, 0, 0, 31, '2023-03-29 03:11:13', 1, '2023-03-29 03:11:13', 1),
(127, 26, 'Oktober', '2022', 28, 0, 3, 0, 31, '2023-03-29 03:11:13', 1, '2023-03-29 03:11:13', 1),
(128, 27, 'Oktober', '2022', 31, 0, 0, 0, 31, '2023-03-29 03:11:13', 1, '2023-03-29 03:11:13', 1),
(129, 28, 'Oktober', '2022', 31, 0, 0, 0, 31, '2023-03-29 03:11:13', 1, '2023-03-29 03:11:13', 1),
(130, 29, 'Oktober', '2022', 31, 0, 0, 0, 31, '2023-03-29 03:11:13', 1, '2023-03-29 03:11:13', 1),
(131, 30, 'Oktober', '2022', 31, 0, 0, 0, 31, '2023-03-29 03:11:13', 1, '2023-03-29 03:11:13', 1),
(132, 31, 'Oktober', '2022', 29, 2, 0, 0, 31, '2023-03-29 03:11:13', 1, '2023-03-29 03:11:13', 1),
(133, 32, 'Oktober', '2022', 30, 1, 0, 0, 31, '2023-03-29 03:11:13', 1, '2023-03-29 03:11:13', 1),
(134, 33, 'Oktober', '2022', 31, 0, 0, 0, 31, '2023-03-29 03:11:13', 1, '2023-03-29 03:11:13', 1),
(135, 34, 'Oktober', '2022', 29, 0, 2, 0, 31, '2023-03-29 03:11:13', 1, '2023-03-29 03:11:13', 1),
(136, 35, 'Oktober', '2022', 31, 0, 0, 0, 31, '2023-03-29 03:11:13', 1, '2023-03-29 03:11:13', 1),
(137, 2, 'November', '2022', 31, 0, 0, 0, 31, '2023-03-29 03:11:13', 1, '2023-03-29 03:11:13', 1),
(138, 3, 'November', '2022', 31, 0, 0, 0, 31, '2023-03-29 03:11:13', 1, '2023-03-29 03:11:13', 1),
(139, 4, 'November', '2022', 31, 0, 0, 0, 31, '2023-03-29 03:11:13', 1, '2023-03-29 03:11:13', 1),
(140, 5, 'November', '2022', 31, 0, 0, 0, 31, '2023-03-29 03:11:13', 1, '2023-03-29 03:11:13', 1),
(141, 6, 'November', '2022', 31, 0, 0, 0, 31, '2023-03-29 03:11:13', 1, '2023-03-29 03:11:13', 1),
(142, 7, 'November', '2022', 31, 0, 0, 0, 31, '2023-03-29 03:11:13', 1, '2023-03-29 03:11:13', 1),
(143, 8, 'November', '2022', 31, 0, 0, 0, 31, '2023-03-29 03:11:13', 1, '2023-03-29 03:11:13', 1),
(144, 9, 'November', '2022', 31, 0, 0, 0, 31, '2023-03-29 03:11:13', 1, '2023-03-29 03:11:13', 1),
(145, 10, 'November', '2022', 31, 0, 0, 0, 31, '2023-03-29 03:11:13', 1, '2023-03-29 03:11:13', 1),
(146, 11, 'November', '2022', 29, 1, 1, 0, 31, '2023-03-29 03:11:13', 1, '2023-03-29 03:11:13', 1),
(147, 12, 'November', '2022', 31, 0, 0, 0, 31, '2023-03-29 03:11:13', 1, '2023-03-29 03:11:13', 1),
(148, 13, 'November', '2022', 29, 1, 1, 0, 31, '2023-03-29 03:11:13', 1, '2023-03-29 03:11:13', 1),
(149, 14, 'November', '2022', 31, 0, 0, 0, 31, '2023-03-29 03:11:13', 1, '2023-03-29 03:11:13', 1),
(150, 15, 'November', '2022', 31, 0, 0, 0, 31, '2023-03-29 03:11:13', 1, '2023-03-29 03:11:13', 1),
(151, 16, 'November', '2022', 31, 0, 0, 0, 31, '2023-03-29 03:11:13', 1, '2023-03-29 03:11:13', 1),
(152, 17, 'November', '2022', 28, 0, 2, 1, 31, '2023-03-29 03:11:13', 1, '2023-03-29 03:11:13', 1),
(153, 18, 'November', '2022', 31, 0, 0, 0, 31, '2023-03-29 03:11:13', 1, '2023-03-29 03:11:13', 1),
(154, 19, 'November', '2022', 31, 0, 0, 0, 31, '2023-03-29 03:11:13', 1, '2023-03-29 03:11:13', 1),
(155, 20, 'November', '2022', 31, 0, 0, 0, 31, '2023-03-29 03:11:13', 1, '2023-03-29 03:11:13', 1),
(156, 21, 'November', '2022', 30, 0, 0, 1, 31, '2023-03-29 03:11:13', 1, '2023-03-29 03:11:13', 1),
(157, 22, 'November', '2022', 31, 0, 0, 0, 31, '2023-03-29 03:11:13', 1, '2023-03-29 03:11:13', 1),
(158, 23, 'November', '2022', 28, 3, 0, 0, 31, '2023-03-29 03:11:13', 1, '2023-03-29 03:11:13', 1),
(159, 24, 'November', '2022', 31, 0, 0, 0, 31, '2023-03-29 03:11:13', 1, '2023-03-29 03:11:13', 1),
(160, 25, 'November', '2022', 31, 0, 0, 0, 31, '2023-03-29 03:11:13', 1, '2023-03-29 03:11:13', 1),
(161, 26, 'November', '2022', 26, 0, 5, 0, 31, '2023-03-29 03:11:13', 1, '2023-03-29 03:11:13', 1),
(162, 27, 'November', '2022', 31, 0, 0, 0, 31, '2023-03-29 03:11:13', 1, '2023-03-29 03:11:13', 1),
(163, 28, 'November', '2022', 31, 0, 0, 0, 31, '2023-03-29 03:11:13', 1, '2023-03-29 03:11:13', 1),
(164, 29, 'November', '2022', 30, 0, 1, 0, 31, '2023-03-29 03:11:13', 1, '2023-03-29 03:11:13', 1),
(165, 30, 'November', '2022', 31, 0, 0, 0, 31, '2023-03-29 03:11:13', 1, '2023-03-29 03:11:13', 1),
(166, 31, 'November', '2022', 31, 0, 0, 0, 31, '2023-03-29 03:11:13', 1, '2023-03-29 03:11:13', 1),
(167, 32, 'November', '2022', 31, 0, 0, 0, 31, '2023-03-29 03:11:13', 1, '2023-03-29 03:11:13', 1),
(168, 33, 'November', '2022', 31, 0, 0, 0, 31, '2023-03-29 03:11:13', 1, '2023-03-29 03:11:13', 1),
(169, 34, 'November', '2022', 29, 0, 2, 0, 31, '2023-03-29 03:11:13', 1, '2023-03-29 03:11:13', 1),
(170, 35, 'November', '2022', 31, 0, 0, 0, 31, '2023-03-29 03:11:13', 1, '2023-03-29 03:11:13', 1),
(171, 2, 'Desember', '2022', 31, 0, 0, 0, 31, '2023-03-29 03:11:13', 1, '2023-03-29 03:11:13', 1),
(172, 3, 'Desember', '2022', 31, 0, 0, 0, 31, '2023-03-29 03:11:13', 1, '2023-03-29 03:11:13', 1),
(173, 4, 'Desember', '2022', 30, 0, 1, 0, 31, '2023-03-29 03:11:13', 1, '2023-03-29 03:11:13', 1),
(174, 5, 'Desember', '2022', 30, 0, 1, 0, 31, '2023-03-29 03:11:13', 1, '2023-03-29 03:11:13', 1),
(175, 6, 'Desember', '2022', 31, 0, 0, 0, 31, '2023-03-29 03:11:13', 1, '2023-03-29 03:11:13', 1),
(176, 7, 'Desember', '2022', 31, 0, 0, 0, 31, '2023-03-29 03:11:13', 1, '2023-03-29 03:11:13', 1),
(177, 8, 'Desember', '2022', 31, 0, 0, 0, 31, '2023-03-29 03:11:13', 1, '2023-03-29 03:11:13', 1),
(178, 9, 'Desember', '2022', 31, 0, 0, 0, 31, '2023-03-29 03:11:13', 1, '2023-03-29 03:11:13', 1),
(179, 10, 'Desember', '2022', 31, 0, 0, 0, 31, '2023-03-29 03:11:13', 1, '2023-03-29 03:11:13', 1),
(180, 11, 'Desember', '2022', 31, 0, 0, 0, 31, '2023-03-29 03:11:13', 1, '2023-03-29 03:11:13', 1),
(181, 12, 'Desember', '2022', 31, 0, 0, 0, 31, '2023-03-29 03:11:13', 1, '2023-03-29 03:11:13', 1),
(182, 13, 'Desember', '2022', 31, 0, 0, 0, 31, '2023-03-29 03:11:13', 1, '2023-03-29 03:11:13', 1),
(183, 14, 'Desember', '2022', 31, 0, 0, 0, 31, '2023-03-29 03:11:13', 1, '2023-03-29 03:11:13', 1),
(184, 15, 'Desember', '2022', 31, 0, 0, 0, 31, '2023-03-29 03:11:13', 1, '2023-03-29 03:11:13', 1),
(185, 16, 'Desember', '2022', 31, 0, 0, 0, 31, '2023-03-29 03:11:13', 1, '2023-03-29 03:11:13', 1),
(186, 17, 'Desember', '2022', 30, 0, 1, 0, 31, '2023-03-29 03:11:13', 1, '2023-03-29 03:11:13', 1),
(187, 18, 'Desember', '2022', 31, 0, 0, 0, 31, '2023-03-29 03:11:13', 1, '2023-03-29 03:11:13', 1),
(188, 19, 'Desember', '2022', 31, 0, 0, 0, 31, '2023-03-29 03:11:13', 1, '2023-03-29 03:11:13', 1),
(189, 20, 'Desember', '2022', 31, 0, 0, 0, 31, '2023-03-29 03:11:13', 1, '2023-03-29 03:11:13', 1),
(190, 21, 'Desember', '2022', 31, 0, 0, 0, 31, '2023-03-29 03:11:13', 1, '2023-03-29 03:11:13', 1),
(191, 22, 'Desember', '2022', 31, 0, 0, 0, 31, '2023-03-29 03:11:13', 1, '2023-03-29 03:11:13', 1),
(192, 23, 'Desember', '2022', 31, 0, 0, 0, 31, '2023-03-29 03:11:13', 1, '2023-03-29 03:11:13', 1),
(193, 24, 'Desember', '2022', 31, 0, 0, 0, 31, '2023-03-29 03:11:13', 1, '2023-03-29 03:11:13', 1),
(194, 25, 'Desember', '2022', 31, 0, 0, 0, 31, '2023-03-29 03:11:13', 1, '2023-03-29 03:11:13', 1),
(195, 26, 'Desember', '2022', 31, 0, 0, 0, 31, '2023-03-29 03:11:13', 1, '2023-03-29 03:11:13', 1),
(196, 27, 'Desember', '2022', 31, 0, 0, 0, 31, '2023-03-29 03:11:13', 1, '2023-03-29 03:11:13', 1),
(197, 28, 'Desember', '2022', 31, 0, 0, 0, 31, '2023-03-29 03:11:13', 1, '2023-03-29 03:11:13', 1),
(198, 29, 'Desember', '2022', 30, 0, 1, 0, 31, '2023-03-29 03:11:13', 1, '2023-03-29 03:11:13', 1),
(199, 30, 'Desember', '2022', 31, 0, 0, 0, 31, '2023-03-29 03:11:13', 1, '2023-03-29 03:11:13', 1),
(200, 31, 'Desember', '2022', 31, 0, 0, 0, 31, '2023-03-29 03:11:13', 1, '2023-03-29 03:11:13', 1),
(201, 32, 'Desember', '2022', 31, 0, 0, 0, 31, '2023-03-29 03:11:13', 1, '2023-03-29 03:11:13', 1),
(202, 33, 'Desember', '2022', 31, 0, 0, 0, 31, '2023-03-29 03:11:13', 1, '2023-03-29 03:11:13', 1),
(203, 34, 'Desember', '2022', 30, 0, 1, 0, 31, '2023-03-29 03:11:13', 1, '2023-03-29 03:11:13', 1),
(204, 35, 'Desember', '2022', 31, 0, 0, 0, 31, '2023-03-29 03:11:13', 1, '2023-03-29 03:11:13', 1);

-- --------------------------------------------------------

--
-- Table structure for table `bobot`
--

CREATE TABLE `bobot` (
  `id` int(11) NOT NULL,
  `kode` varchar(255) NOT NULL,
  `nama_kriteria` varchar(255) NOT NULL,
  `tipe_kriteria` enum('benefit','cost') NOT NULL,
  `bobot` decimal(10,2) NOT NULL
) ENGINE=InnoDB DEFAULT CHARSET=utf8mb4 COLLATE=utf8mb4_general_ci;

--
-- Dumping data for table `bobot`
--

INSERT INTO `bobot` (`id`, `kode`, `nama_kriteria`, `tipe_kriteria`, `bobot`) VALUES
(1, 'C1', 'Anggota Keluarga', 'benefit', '0.10'),
(2, 'C2', 'Status Pekerjaan Orang Tua', 'cost', '0.15'),
(3, 'C3', 'Status Tempat Tinggal', 'cost', '0.10'),
(4, 'C4', 'Pendapatan Perbulan', 'cost', '0.30'),
(5, 'C5', 'Absensi Anak', 'benefit', '0.15'),
(6, 'C6', 'Prestasi', 'benefit', '0.20');

-- --------------------------------------------------------

--
-- Table structure for table `bobot_nilai`
--

CREATE TABLE `bobot_nilai` (
  `id` int(11) NOT NULL,
  `id_bobot` int(11) NOT NULL,
  `nama_nilai` varchar(255) NOT NULL,
  `nilai` int(11) NOT NULL
) ENGINE=InnoDB DEFAULT CHARSET=utf8mb4 COLLATE=utf8mb4_general_ci;

--
-- Dumping data for table `bobot_nilai`
--

INSERT INTO `bobot_nilai` (`id`, `id_bobot`, `nama_nilai`, `nilai`) VALUES
(1, 1, '> 5 Orang', 4),
(2, 1, '4-5 Orang', 3),
(3, 1, '3 Orang', 2),
(4, 1, '2 Orang', 1),
(5, 2, 'Ayah dan Ibu Tidak Bekerja', 3),
(6, 2, 'Salah satu yang Bekerja', 2),
(7, 2, 'Ayah dan Ibu Bekerja', 1),
(8, 3, 'Rumah Pribadi', 1),
(9, 3, 'Mengontrak', 2),
(10, 4, '<= Rp. 3,000,000.-', 4),
(11, 4, 'Rp. 3,000,001 - Rp. 5,000,000', 3),
(12, 4, 'Rp. 5,000,001 - Rp. 7,000,000', 2),
(13, 4, '> Rp. 7,000,000', 1),
(14, 5, 'Tidak pernah bolos', 4),
(15, 5, 'Alfa 1x dalam 6 bulan', 3),
(16, 5, 'Alfa 2-3x dalam 6bulan', 2),
(17, 5, 'Alfa > 3x dalam 6bulan', 1),
(18, 6, 'Juara 1 dikelas', 4),
(19, 6, 'Juara 2 atau 3 dikelas', 3),
(20, 6, 'Masuk juara 10 besar dikelas', 2),
(21, 6, 'Tidak juara kelas', 1);

-- --------------------------------------------------------

--
-- Table structure for table `prestasi`
--

CREATE TABLE `prestasi` (
  `id` int(11) NOT NULL,
  `id_siswa` int(11) NOT NULL,
  `semester` enum('ganjil','genap') NOT NULL,
  `tahun_ajaran` varchar(255) NOT NULL,
  `ranking` enum('1','2','3','4','5','6','7','8','9','10') NOT NULL,
  `created_date` datetime DEFAULT NULL,
  `created_by` int(11) DEFAULT NULL,
  `updated_date` datetime DEFAULT NULL,
  `updated_by` int(11) DEFAULT NULL
) ENGINE=InnoDB DEFAULT CHARSET=utf8mb4 COLLATE=utf8mb4_general_ci;

--
-- Dumping data for table `prestasi`
--

INSERT INTO `prestasi` (`id`, `id_siswa`, `semester`, `tahun_ajaran`, `ranking`, `created_date`, `created_by`, `updated_date`, `updated_by`) VALUES
(1, 3, 'ganjil', '2022/2023', '4', '2023-03-28 18:57:06', 1, '2023-03-28 18:57:06', 1),
(2, 6, 'ganjil', '2022/2023', '8', '2023-03-28 18:57:29', 1, '2023-03-28 18:57:29', 1),
(3, 7, 'ganjil', '2022/2023', '5', '2023-03-28 18:57:44', 1, '2023-03-28 18:57:44', 1),
(4, 12, 'ganjil', '2022/2023', '9', '2023-03-28 18:58:12', 1, '2023-03-28 18:58:12', 1),
(5, 13, 'ganjil', '2022/2023', '7', '2023-03-28 18:58:28', 1, '2023-03-28 18:58:28', 1),
(6, 15, 'ganjil', '2022/2023', '6', '2023-03-28 18:58:49', 1, '2023-03-28 18:58:49', 1),
(7, 18, 'ganjil', '2022/2023', '2', '2023-03-28 18:59:00', 1, '2023-03-28 18:59:00', 1),
(8, 21, 'ganjil', '2022/2023', '1', '2023-03-28 18:59:16', 1, '2023-03-28 18:59:16', 1),
(9, 22, 'ganjil', '2022/2023', '3', '2023-03-28 18:59:35', 1, '2023-03-28 18:59:35', 1),
(10, 33, 'ganjil', '2022/2023', '10', '2023-03-28 18:59:54', 1, '2023-03-28 18:59:54', 1);

-- --------------------------------------------------------

--
-- Table structure for table `sequelizemeta`
--

CREATE TABLE `sequelizemeta` (
  `name` varchar(255) NOT NULL
) ENGINE=InnoDB DEFAULT CHARSET=utf8 COLLATE=utf8_unicode_ci;

--
-- Dumping data for table `sequelizemeta`
--

INSERT INTO `sequelizemeta` (`name`) VALUES
('20230100000001-create-users.js'),
('20230100000002-create-bobot.js'),
('20230100000010-create-prestasi.js'),
('20230100000020-create-absensi.js'),
('20230100000030-create-bobot-nilai.js');

-- --------------------------------------------------------

--
-- Table structure for table `users`
--

CREATE TABLE `users` (
  `id` int(11) NOT NULL,
  `user_type` enum('admin','siswa') NOT NULL,
  `nisn` varchar(255) DEFAULT NULL,
  `no_induk_sekolah` varchar(255) DEFAULT NULL,
  `tingkat_kelas` enum('1','2','3','4','5','6','lulus') NOT NULL DEFAULT 'lulus',
  `nama` varchar(255) NOT NULL,
  `username` varchar(255) NOT NULL,
  `password` varchar(255) NOT NULL,
  `tempat_lahir` varchar(255) DEFAULT NULL,
  `tanggal_lahir` datetime DEFAULT NULL,
  `jenis_kelamin` enum('laki-laki','perempuan') NOT NULL,
  `alamat` varchar(255) DEFAULT NULL,
  `no_telp` varchar(255) DEFAULT NULL,
  `status_tempat_tinggal` varchar(255) NOT NULL,
  `jumlah_anggota_keluarga` int(10) NOT NULL,
  `is_ayah_bekerja` tinyint(1) NOT NULL,
  `nama_ayah` varchar(255) NOT NULL,
  `jenis_pekerjaan_ayah` varchar(255) NOT NULL,
  `pendapatan_perbulan_ayah` int(11) NOT NULL,
  `is_ibu_bekerja` tinyint(1) NOT NULL,
  `nama_ibu` varchar(255) NOT NULL,
  `jenis_pekerjaan_ibu` varchar(255) NOT NULL,
  `pendapatan_perbulan_ibu` int(11) NOT NULL,
  `created_date` datetime DEFAULT NULL,
  `created_by` int(11) DEFAULT NULL,
  `updated_date` datetime DEFAULT NULL,
  `updated_by` int(11) DEFAULT NULL
) ENGINE=InnoDB DEFAULT CHARSET=utf8mb4 COLLATE=utf8mb4_general_ci;

--
-- Dumping data for table `users`
--

INSERT INTO `users` (`id`, `user_type`, `nisn`, `no_induk_sekolah`, `tingkat_kelas`, `nama`, `username`, `password`, `tempat_lahir`, `tanggal_lahir`, `jenis_kelamin`, `alamat`, `no_telp`, `status_tempat_tinggal`, `jumlah_anggota_keluarga`, `is_ayah_bekerja`, `nama_ayah`, `jenis_pekerjaan_ayah`, `pendapatan_perbulan_ayah`, `is_ibu_bekerja`, `nama_ibu`, `jenis_pekerjaan_ibu`, `pendapatan_perbulan_ibu`, `created_date`, `created_by`, `updated_date`, `updated_by`) VALUES
(1, 'admin', NULL, NULL, 'lulus', 'Administrator', 'admin', 'U2FsdGVkX19I3j53q2XRLGGUh+5sRbmxKpSbaICMHKs=', NULL, NULL, 'laki-laki', NULL, NULL, 'pribadi', 0, 1, 'Superadmin', 'Karyawan Swasta', 0, 0, 'Mom admin', 'Tidak Bekerja', 0, '2023-03-04 11:41:43', 1, NULL, NULL),
(2, 'siswa', '0117631488', '17181004', '6', 'Ahmad  Adlani  Mutawadi', '0117631488', 'U2FsdGVkX1+FVdrjDhKLJgsj51m0t9Nuu7pszgbWWno=', 'Tangerang', '2011-05-21 00:00:00', 'laki-laki', 'Kalipaten', '089605217452', 'mengontrak', 3, 1, 'Dadang sudrajat', 'Pegawai Swasta', 5000000, 0, '-', 'Tidak Bekerja', 0, '2023-03-29 02:28:47', 1, '2023-03-29 02:28:47', 1),
(3, 'siswa', '0108816100', '17181005', '6', 'Ahmad  Pariz', '0108816100', 'U2FsdGVkX1+FVdrjDhKLJgsj51m0t9Nuu7pszgbWWno=', 'Tangerang', '2010-08-22 00:00:00', 'laki-laki', 'Kalipaten', '085894157622', 'pribadi', 4, 1, '-', 'Aparatur Sipil Negara', 3000000, 1, 'Julaeha', 'Tidak Bekerja', 3000000, '2023-03-29 02:28:47', 1, '2023-03-29 02:28:47', 1),
(4, 'siswa', '0103972582', '17181006', '6', 'Ahmad  Ramdan', '0103972582', 'U2FsdGVkX1+FVdrjDhKLJgsj51m0t9Nuu7pszgbWWno=', 'Bogor', '2010-08-21 00:00:00', 'laki-laki', 'Kalipaten', '0859921457166', 'pribadi', 2, 1, 'Ayung', 'Berdagang', 3000000, 0, '-', 'Tidak Bekerja', 0, '2023-03-29 02:28:47', 1, '2023-03-29 02:28:47', 1),
(5, 'siswa', '0116932788', '17181009', '6', 'Angga  Setiawan', '0116932788', 'U2FsdGVkX1+FVdrjDhKLJgsj51m0t9Nuu7pszgbWWno=', 'Boyolali', '2011-01-05 00:00:00', 'laki-laki', 'Kalipaten', '088296418909', 'pribadi', 3, 1, '-', 'Berdagang', 7000000, 1, 'NURULKHOSIYAH', 'Berdagang', 7000000, '2023-03-29 02:28:47', 1, '2023-03-29 02:28:47', 1),
(6, 'siswa', '0112774543', '17181093', '6', 'Athallah  Maulana  T', '0112774543', 'U2FsdGVkX1+FVdrjDhKLJgsj51m0t9Nuu7pszgbWWno=', 'Banjarnegara', '2011-03-27 00:00:00', 'laki-laki', 'Kalipaten', '083873608115', 'pribadi', 5, 1, '-', 'Pegawai Swasta', 5000000, 1, '-', 'Pegawai Swasta', 3000000, '2023-03-29 02:28:47', 1, '2023-03-29 02:28:47', 1),
(7, 'siswa', '0117976081', '17181014', '6', 'Azka  Ramadhan', '0117976081', 'U2FsdGVkX1+FVdrjDhKLJgsj51m0t9Nuu7pszgbWWno=', 'Tangerang', '2011-08-26 00:00:00', 'laki-laki', 'Kebon  Eurih', '083808838936', 'pribadi', 4, 1, '-', 'Pegawai Swasta', 3000000, 0, 'Yanti Rahayu', 'Tidak Bekerja', 0, '2023-03-29 02:28:47', 1, '2023-03-29 02:28:47', 1),
(8, 'siswa', '0116497179', '17181015', '6', 'Cakra  Nusantara', '0116497179', 'U2FsdGVkX1+FVdrjDhKLJgsj51m0t9Nuu7pszgbWWno=', 'P. Siantar', '2011-06-03 00:00:00', 'laki-laki', 'Kalipaten', '-', 'pribadi', 4, 1, 'Pamirje Sinaga', 'Pegawai Swasta', 6000000, 1, '-', 'Berdagang', 3000000, '2023-03-29 02:28:47', 1, '2023-03-29 02:28:47', 1),
(9, 'siswa', '0101117504', '17181018', '6', 'Dina  Ramadhani', '0101117504', 'U2FsdGVkX1+FVdrjDhKLJgsj51m0t9Nuu7pszgbWWno=', 'Tangerang', '2010-08-12 00:00:00', 'perempuan', 'Kalipaten', '083892008899', 'mengontrak', 3, 1, 'Arya kosasih', 'Berdagang', 3000000, 0, '-', 'Tidak Bekerja', 0, '2023-03-29 02:28:47', 1, '2023-03-29 02:28:47', 1),
(10, 'siswa', '0117248611', '17181022', '6', 'Faishal  Amin', '0117248611', 'U2FsdGVkX1+FVdrjDhKLJgsj51m0t9Nuu7pszgbWWno=', 'Tangerang', '2011-07-26 00:00:00', 'perempuan', 'Kalipaten', '-', 'pribadi', 4, 1, 'Agus', 'Pegawai Swasta', 5000000, 1, '-', 'Berdagang', 3000000, '2023-03-29 02:28:47', 1, '2023-03-29 02:28:47', 1),
(11, 'siswa', '0111216924', '17181023', '6', 'Fani  Elviyani', '0111216924', 'U2FsdGVkX1+FVdrjDhKLJgsj51m0t9Nuu7pszgbWWno=', 'Tangerang', '2011-01-03 00:00:00', 'perempuan', 'Kalipaten', '-', 'pribadi', 4, 1, 'Supriyanto', 'Pegawai Swasta', 5000000, 1, '-', 'Berdagang', 3000000, '2023-03-29 02:28:47', 1, '2023-03-29 02:28:47', 1),
(12, 'siswa', '0107446053', '17181015', '6', 'Fany  Amanda  Putri', '0107446053', 'U2FsdGVkX1+FVdrjDhKLJgsj51m0t9Nuu7pszgbWWno=', 'Tangerang', '2011-08-30 00:00:00', 'perempuan', 'Kalipaten', '081325657898', 'mengontrak', 3, 1, '-', 'Berdagang', 3000000, 1, 'Erni', 'Berdagang', 3000000, '2023-03-29 02:28:47', 1, '2023-03-29 02:28:47', 1),
(13, 'siswa', '0106588261', '17181024', '6', 'Fany  Dessyefa', '0106588261', 'U2FsdGVkX1+FVdrjDhKLJgsj51m0t9Nuu7pszgbWWno=', 'Tangerang', '2011-12-03 00:00:00', 'perempuan', 'Kebon  Eurih', '08161387081', 'pribadi', 4, 1, 'Jubaedah', 'Freelance', 3000000, 0, '-', 'Tidak Bekerja', 0, '2023-03-29 02:28:47', 1, '2023-03-29 02:28:47', 1),
(14, 'siswa', '0108297004', '-', '6', 'Farihatul  Halwaul  Husnah', '0108297004', 'U2FsdGVkX1+FVdrjDhKLJgsj51m0t9Nuu7pszgbWWno=', 'Banyumas', '2010-11-04 00:00:00', 'perempuan', 'Kalipaten', '081327458978', 'pribadi', 3, 1, '-', 'Berdagang', 3000000, 0, 'juprianto', 'Tidak Bekerja', 0, '2023-03-29 02:28:47', 1, '2023-03-29 02:28:47', 1),
(15, 'siswa', '0102357132', '-', '6', 'Ferdiyanto', '0102357132', 'U2FsdGVkX1+FVdrjDhKLJgsj51m0t9Nuu7pszgbWWno=', 'Jakarta', '2010-05-20 00:00:00', 'laki-laki', 'Kalipaten', '083832958065', 'pribadi', 5, 1, '-', 'Berdagang', 5000000, 1, 'Dwi', 'Berdagang', 3000000, '2023-03-29 02:28:47', 1, '2023-03-29 02:28:47', 1),
(16, 'siswa', '0104051228', '17181032', '6', 'Indri  Rahayu  Septiani', '0104051228', 'U2FsdGVkX1+FVdrjDhKLJgsj51m0t9Nuu7pszgbWWno=', 'Tangerang', '2010-09-22 00:00:00', 'perempuan', 'Kalipaten', '081290107921', 'pribadi', 4, 1, 'M.mudjaeni', 'Pegawai Swasta', 3000000, 0, '-', 'Tidak Bekerja', 0, '2023-03-29 02:28:47', 1, '2023-03-29 02:28:47', 1),
(17, 'siswa', '0106128296', '17181033', '6', 'Kalingga  Darma  Putra', '0106128296', 'U2FsdGVkX1+FVdrjDhKLJgsj51m0t9Nuu7pszgbWWno=', 'Tangerang', '2010-07-24 00:00:00', 'laki-laki', 'Kademangan', '089604887523', 'pribadi', 4, 1, 'Joko', 'Pegawai Swasta', 5000000, 0, '-', 'Tidak Bekerja', 0, '2023-03-29 02:28:47', 1, '2023-03-29 02:28:47', 1),
(18, 'siswa', '0101489130', '17181036', '6', 'Lisda  Handyani', '0101489130', 'U2FsdGVkX1+FVdrjDhKLJgsj51m0t9Nuu7pszgbWWno=', 'Tangerang', '2010-12-11 00:00:00', 'perempuan', 'Kalipaten', '082190557535', 'pribadi', 3, 1, 'Aris', 'Berdagang', 3000000, 0, '-', 'Tidak Bekerja', 0, '2023-03-29 02:28:47', 1, '2023-03-29 02:28:47', 1),
(19, 'siswa', '0117976832', '17181041', '6', 'M. Ibnu  Wardana', '0117976832', 'U2FsdGVkX1+FVdrjDhKLJgsj51m0t9Nuu7pszgbWWno=', 'Tegal', '2011-10-26 00:00:00', 'laki-laki', 'Kalipaten', '087834786541', 'pribadi', 4, 1, 'Julianto', 'Pegawai Swasta', 5000000, 0, '-', 'Pegawai Swasta', 0, '2023-03-29 02:28:47', 1, '2023-03-29 02:28:47', 1),
(20, 'siswa', '0119505986', '17181050', '6', 'M. Nursa  Airlangga', '0119505986', 'U2FsdGVkX1+FVdrjDhKLJgsj51m0t9Nuu7pszgbWWno=', 'Tangerang', '2011-04-16 00:00:00', 'laki-laki', 'Kalipaten', '081283715577', 'mengontrak', 5, 0, '-', 'Tidak Bekerja', 0, 1, 'Rini', 'Tidak Bekerja', 3000000, '2023-03-29 02:28:47', 1, '2023-03-29 02:28:47', 1),
(21, 'siswa', '0119291711', '17181042', '6', 'M. Raffa  Ramadhan', '0119291711', 'U2FsdGVkX1+FVdrjDhKLJgsj51m0t9Nuu7pszgbWWno=', 'Tegal', '2011-08-19 00:00:00', 'laki-laki', 'Kalipaten', '0881 1959 615', 'pribadi', 4, 1, '-', 'Berdagang', 3000000, 1, 'Erni lasiti', 'Berdagang', 3000000, '2023-03-29 02:28:47', 1, '2023-03-29 02:28:47', 1),
(22, 'siswa', '0109282821', '17181051', '6', 'M. Rizki  Ramadhan', '0109282821', 'U2FsdGVkX1+FVdrjDhKLJgsj51m0t9Nuu7pszgbWWno=', 'Tangerang', '2011-08-30 00:00:00', 'laki-laki', 'Kalipaten', '081511455270', 'pribadi', 3, 1, '-', 'Pegawai Swasta', 3000000, 1, 'Samah ', 'Pegawai Swasta', 3000000, '2023-03-29 02:28:47', 1, '2023-03-29 02:28:47', 1),
(23, 'siswa', '0105849645', '17181052', '6', 'M. Sahri', '0105849645', 'U2FsdGVkX1+FVdrjDhKLJgsj51m0t9Nuu7pszgbWWno=', 'Sibaung - baung', '2010-07-08 00:00:00', 'laki-laki', 'Kalipaten', '081399804535', 'pribadi', 4, 1, 'Sugeng', 'Berdagang', 5000000, 0, '-', 'Tidak Bekerja', 0, '2023-03-29 02:28:47', 1, '2023-03-29 02:28:47', 1),
(24, 'siswa', '0108038122', '17181040', '6', 'Muhamad  Alfiansyah', '0108038122', 'U2FsdGVkX1+FVdrjDhKLJgsj51m0t9Nuu7pszgbWWno=', 'Tangerang', '2010-12-03 00:00:00', 'laki-laki', 'Bojong  Nangka', '089601236667', 'mengontrak', 3, 1, 'Narto', 'Berdagang', 5000000, 0, '-', 'Tidak Bekerja', 0, '2023-03-29 02:28:47', 1, '2023-03-29 02:28:47', 1),
(25, 'siswa', '-', '-', '6', 'Raka  Aditia  S', '0101080822', 'U2FsdGVkX1+FVdrjDhKLJgsj51m0t9Nuu7pszgbWWno=', 'Tangerang', '2010-10-24 00:00:00', 'laki-laki', 'Kalipaten', 'O89503712790', 'mengontrak', 3, 1, '-', 'Pegawai Swasta', 3000000, 1, 'Titin aitin', 'Freelance', 3000000, '2023-03-29 02:28:47', 1, '2023-03-29 02:28:47', 1),
(26, 'siswa', '0108354874', '17181060', '6', 'Rehan  Saputra', '0108354874', 'U2FsdGVkX1+FVdrjDhKLJgsj51m0t9Nuu7pszgbWWno=', 'Tangerang', '2010-01-08 00:00:00', 'laki-laki', 'Kalipaten', '08976768678', 'pribadi', 3, 1, 'Ramdan', 'Pegawai Swasta', 5000000, 1, '-', 'Pegawai Swasta', 5000000, '2023-03-29 02:28:47', 1, '2023-03-29 02:28:47', 1),
(27, 'siswa', '0118199649', '17181063', '6', 'Reza  Saeful  Amri', '0118199649', 'U2FsdGVkX1+FVdrjDhKLJgsj51m0t9Nuu7pszgbWWno=', 'Tangerang', '2011-03-24 00:00:00', 'laki-laki', 'Kademangan', '082188375476', 'pribadi', 4, 1, 'Agus', 'Berdagang', 3000000, 0, '-', 'Tidak Bekerja', 0, '2023-03-29 02:28:47', 1, '2023-03-29 02:28:47', 1),
(28, 'siswa', '0111551450', '17181067', '6', 'Silvia  Aura  Gadis', '0111551450', 'U2FsdGVkX1+FVdrjDhKLJgsj51m0t9Nuu7pszgbWWno=', 'Pekalongan', '2011-06-07 00:00:00', 'perempuan', 'Kalipaten', '-', 'pribadi', 4, 1, 'Taufik', 'Pegawai Swasta', 5000000, 1, '-', 'Pegawai Swasta', 3000000, '2023-03-29 02:28:47', 1, '2023-03-29 02:28:47', 1),
(29, 'siswa', '0107434494', '17181068', '6', 'Siti  Khodijah', '0107434494', 'U2FsdGVkX1+FVdrjDhKLJgsj51m0t9Nuu7pszgbWWno=', 'Tangerang', '2010-10-31 00:00:00', 'perempuan', 'Kalipaten', '083892008899', 'pribadi', 4, 1, 'Rojak', 'Pegawai Swasta', 3000000, 0, '-', 'Tidak Bekerja', 0, '2023-03-29 02:28:47', 1, '2023-03-29 02:28:47', 1),
(30, 'siswa', '0114286742', '17181069', '6', 'Siti  Malihatul  Adwa', '0114286742', 'U2FsdGVkX1+FVdrjDhKLJgsj51m0t9Nuu7pszgbWWno=', 'Tangerang', '2011-09-19 00:00:00', 'perempuan', 'Kalipaten', '083892008899', 'pribadi', 3, 1, 'Adityaa', 'Berdagang', 5000000, 0, '-', 'Tidak Bekerja', 0, '2023-03-29 02:28:47', 1, '2023-03-29 02:28:47', 1),
(31, 'siswa', '0111089168', '17181071', '6', 'Siti  Robiatul  Adawiyah', '0111089168', 'U2FsdGVkX1+FVdrjDhKLJgsj51m0t9Nuu7pszgbWWno=', 'Tangerang', '2011-04-03 00:00:00', 'perempuan', 'Kalipaten', '083876864535', 'pribadi', 5, 1, '-', 'Pegawai Swasta', 5000000, 0, 'Yanti', 'Tidak Bekerja', 0, '2023-03-29 02:28:47', 1, '2023-03-29 02:28:47', 1),
(32, 'siswa', '0116501306', '17181072', '6', 'Siti  Sarah', '0116501306', 'U2FsdGVkX1+FVdrjDhKLJgsj51m0t9Nuu7pszgbWWno=', 'Tangerang', '2011-05-13 00:00:00', 'perempuan', 'Kalipaten', '083892008899', 'mengontrak', 5, 1, 'Agus salim', 'Berdagang', 3000000, 0, '-', 'Tidak Bekerja', 0, '2023-03-29 02:28:47', 1, '2023-03-29 02:28:47', 1),
(33, 'siswa', '0115678059', '17181077', '6', 'Widya  Wulan  Sari', '0115678059', 'U2FsdGVkX1+FVdrjDhKLJgsj51m0t9Nuu7pszgbWWno=', 'Banjarnegara', '2011-03-26 00:00:00', 'perempuan', 'Kalipaten', '081911171086', 'mengontrak', 3, 1, '-', 'Aparatur Sipil Negara', 3000000, 0, 'Sarimah', 'Tidak Bekerja', 0, '2023-03-29 02:28:47', 1, '2023-03-29 02:28:47', 1),
(34, 'siswa', '0112777195', '17181078', '6', 'Yaya  Rizal  M', '0112777195', 'U2FsdGVkX1+FVdrjDhKLJgsj51m0t9Nuu7pszgbWWno=', 'Tangerang', '2011-08-22 00:00:00', 'laki-laki', 'Kalipaten', '083892008899', 'mengontrak', 2, 1, 'Khoir', 'Pegawai Swasta', 5000000, 0, '-', 'Tidak Bekerja', 0, '2023-03-29 02:28:47', 1, '2023-03-29 02:28:47', 1),
(35, 'siswa', '0118929627', '17181079', '6', 'Zaenal  Al  Ghifar', '0118929627', 'U2FsdGVkX1+FVdrjDhKLJgsj51m0t9Nuu7pszgbWWno=', 'Tangerang', '2011-06-27 00:00:00', 'laki-laki', 'Kalipaten', '083892008899', 'pribadi', 4, 1, '-', 'Berdagang', 5000000, 0, 'Sherli yandi', 'Tidak Bekerja', 0, '2023-03-29 02:28:47', 1, '2023-03-29 02:28:47', 1),
(36, 'siswa', '1222222222', '0123125', '6', 'Testing', 'testing1', 'U2FsdGVkX1+6v+gOMmEBmaGDW2KBJfH7YptM6FrhKEU=', 'Jakarta', '2023-03-28 17:00:00', 'laki-laki', 'Testing user ', '0000000', 'mengontrak', 2, 1, 'Komarudin', 'Pegawai Swasta', 30000000, 0, 'tidak diisi', '', 0, '2023-03-29 01:33:15', 1, '2023-03-29 01:33:15', 1);

--
-- Indexes for dumped tables
--

--
-- Indexes for table `absensi`
--
ALTER TABLE `absensi`
  ADD PRIMARY KEY (`id`),
  ADD KEY `id_siswa` (`id_siswa`);

--
-- Indexes for table `bobot`
--
ALTER TABLE `bobot`
  ADD PRIMARY KEY (`id`);

--
-- Indexes for table `bobot_nilai`
--
ALTER TABLE `bobot_nilai`
  ADD PRIMARY KEY (`id`),
  ADD KEY `id_bobot` (`id_bobot`);

--
-- Indexes for table `prestasi`
--
ALTER TABLE `prestasi`
  ADD PRIMARY KEY (`id`),
  ADD KEY `id_siswa` (`id_siswa`);

--
-- Indexes for table `sequelizemeta`
--
ALTER TABLE `sequelizemeta`
  ADD PRIMARY KEY (`name`),
  ADD UNIQUE KEY `name` (`name`);

--
-- Indexes for table `users`
--
ALTER TABLE `users`
  ADD PRIMARY KEY (`id`);

--
-- AUTO_INCREMENT for dumped tables
--

--
-- AUTO_INCREMENT for table `absensi`
--
ALTER TABLE `absensi`
  MODIFY `id` int(11) NOT NULL AUTO_INCREMENT, AUTO_INCREMENT=205;

--
-- AUTO_INCREMENT for table `bobot`
--
ALTER TABLE `bobot`
  MODIFY `id` int(11) NOT NULL AUTO_INCREMENT, AUTO_INCREMENT=7;

--
-- AUTO_INCREMENT for table `bobot_nilai`
--
ALTER TABLE `bobot_nilai`
  MODIFY `id` int(11) NOT NULL AUTO_INCREMENT, AUTO_INCREMENT=22;

--
-- AUTO_INCREMENT for table `prestasi`
--
ALTER TABLE `prestasi`
  MODIFY `id` int(11) NOT NULL AUTO_INCREMENT, AUTO_INCREMENT=11;

--
-- AUTO_INCREMENT for table `users`
--
ALTER TABLE `users`
  MODIFY `id` int(11) NOT NULL AUTO_INCREMENT, AUTO_INCREMENT=37;

--
-- Constraints for dumped tables
--

--
-- Constraints for table `absensi`
--
ALTER TABLE `absensi`
  ADD CONSTRAINT `absensi_ibfk_1` FOREIGN KEY (`id_siswa`) REFERENCES `users` (`id`);

--
-- Constraints for table `bobot_nilai`
--
ALTER TABLE `bobot_nilai`
  ADD CONSTRAINT `bobot_nilai_ibfk_1` FOREIGN KEY (`id_bobot`) REFERENCES `bobot` (`id`);

--
-- Constraints for table `prestasi`
--
ALTER TABLE `prestasi`
  ADD CONSTRAINT `prestasi_ibfk_1` FOREIGN KEY (`id_siswa`) REFERENCES `users` (`id`);
COMMIT;

/*!40101 SET CHARACTER_SET_CLIENT=@OLD_CHARACTER_SET_CLIENT */;
/*!40101 SET CHARACTER_SET_RESULTS=@OLD_CHARACTER_SET_RESULTS */;
/*!40101 SET COLLATION_CONNECTION=@OLD_COLLATION_CONNECTION */;
